{"loss": 0.39021773939475796, "epoch": 9, "_timestamp": 1700104088.4797509, "_runtime": 7.926165819168091, "_step": 9, "_wandb": {"runtime": 7}}