{"loss": 0.5, "epoch": 1, "_timestamp": 1700104030.1961882, "_runtime": 7.912643194198608, "_step": 0, "_wandb": {"runtime": 7}}